{
  "hash": "baaac7b5",
  "configHash": "1e55c2fc",
  "lockfileHash": "02418f29",
  "browserHash": "ff154fa5",
  "optimized": {
    "@angular/common": {
      "src": "../../../../../../node_modules/@angular/common/fesm2022/common.mjs",
      "file": "@angular_common.js",
      "fileHash": "7449adad",
      "needsInterop": false
    },
    "@angular/core": {
      "src": "../../../../../../node_modules/@angular/core/fesm2022/core.mjs",
      "file": "@angular_core.js",
      "fileHash": "ac0c5852",
      "needsInterop": false
    },
    "@angular/forms": {
      "src": "../../../../../../node_modules/@angular/forms/fesm2022/forms.mjs",
      "file": "@angular_forms.js",
      "fileHash": "d92e7e0d",
      "needsInterop": false
    },
    "@angular/platform-browser": {
      "src": "../../../../../../node_modules/@angular/platform-browser/fesm2022/platform-browser.mjs",
      "file": "@angular_platform-browser.js",
      "fileHash": "0a962f79",
      "needsInterop": false
    },
    "@angular/router": {
      "src": "../../../../../../node_modules/@angular/router/fesm2022/router.mjs",
      "file": "@angular_router.js",
      "fileHash": "f7d33095",
      "needsInterop": false
    },
    "@angular/common/http": {
      "src": "../../../../../../node_modules/@angular/common/fesm2022/http.mjs",
      "file": "@angular_common_http.js",
      "fileHash": "268b37e2",
      "needsInterop": false
    }
  },
  "chunks": {
    "chunk-KWA3PI36": {
      "file": "chunk-KWA3PI36.js"
    },
    "chunk-545PXTA6": {
      "file": "chunk-545PXTA6.js"
    },
    "chunk-ICNPL5LR": {
      "file": "chunk-ICNPL5LR.js"
    },
    "chunk-UTC3K43W": {
      "file": "chunk-UTC3K43W.js"
    }
  }
}